Model,Accuracy,F1 Score,Precision,Recall
Decision Tree,0.772108844,0.774936728,0.77791346,0.772108844
Random Forest,0.860544218,0.823793591,0.846824191,0.860544218
KNN,0.829931973,0.767913767,0.738384766,0.829931973
XGBoost,0.860544218,0.841058324,0.84047934,0.860544218
